Supllementary Table 4: Shareome nonapetide validated as epitopes identified for protein of viral species (from IEDB resources),,
Shareome peptide,Antigen Name ,Viral Species
AIFQSSMTK  ,ACET(A1) reverse transcriptase ,Human immunodeficiency virus 1
AIFQSSMTK ,"pol protein , partial ",Human immunodeficiency virus 1
AILDINNTV ,Minor capsid protein L2 ,Human papillomavirus type 16
ALVEICTEM ,Gag-Pol polyprotein ,Human immunodeficiency virus type 1 (isolate YU2)
AVFIHNFKR ,Gag-Pol polyprotein ,HIV-1 M:B_HXB2R
CLRRFIIFL ,large S protein ,Hepatitis B virus
EARRRLAEM ,U3 [Human betaherpesvirus 6B] ,Human herpesvirus 6 strain Z29
ETPGIRYQY ,Gag-Pol polyprotein (Pr160Gag-Pol) ,Human immunodeficiency virus type 1 (NEW YORK-5 ISOLATE)
FEKERFLFL ,capsid assembly and DNA maturation [Human betaherpesvirus 6B] ,Human herpesvirus 6 strain Z29
FEKERFLFL ,capsid assembly and DNA maturation [Human betaherpesvirus 6B] ,Human herpesvirus 6 strain Z29
FIIFLFILL ,large S protein ,Hepatitis B virus
FLLTRILTI ,envelope protein ,Hepatitis B virus
FLLTRILTI ,envelope protein ,Hepatitis B virus
FNCGGEFFY ,"Immunodeficiency virus type 1 , isolate HIVFLPE210 ,V4C3V5 region ",Human immunodeficiency virus 1
FPIFLQMAL ,L1 ,Human papillomavirus type 18
FPISPIETV ,Gag-Pol polyprotein ,Human immunodeficiency virus type 1 (RF/HAT ISOLATE)
FPRIWLHGL ,Protein Vpr ,Human immunodeficiency virus 1
FPRIWLHGL ,Protein Vpr ,Human immunodeficiency virus 1
FPVRPQVPL ,nef protein ,Human immunodeficiency virus 1
FYRDRQYLL ,DNA polymerase ,Human herpesvirus 6 strain Z29
FYRDRQYLL ,DNA polymerase ,Human herpesvirus 6 strain Z29
GPKVKQWPL ,Gag-Pol polyprotein ,Human immunodeficiency virus 1
HVLKAVFSR ,65 kDa lower matrix phosphoprotein ,Human herpesvirus 5 strain AD169
HVRVSQPSL ,65 kDa lower matrix phosphoprotein ,Human herpesvirus 5 strain AD169
IPIHYCAPA ,envelope glycoprotein ,Human immunodeficiency virus 1
IPRRIRQGL ,Envelope glycoprotein gp160 precursor ,Human immunodeficiency virus type 1 (WMJ2 ISOLATE)
IPRRIRQGL ,Envelope glycoprotein gp160 precursor ,Human immunodeficiency virus type 1 (WMJ2 ISOLATE)
IVGAETFYV ,Gag-Pol polyprotein ,HIV-1 M:B_MN
IVIWGKTPK ,Gag-Pol polyprotein ,HIV-1 M:B_HXB2R
KLPDLCTEL ,protein E6 ,Human papillomavirus type 18
KYQEFFWDA ,tegument protein pp65 ,Human betaherpesvirus 5
KYTFWEVNL ,L1 ,Human papillomavirus type 58
LIRCLRCQK ,Protein E6 ,Human papillomavirus type 18
LLLCLIFLL ,large S protein ,Hepatitis B virus
LLLQRGPQY ,65 kDa lower matrix phosphoprotein ,Human herpesvirus 5 strain AD169
MAVFIHNFK ,Gag-Pol polyprotein ,Human immunodeficiency virus type 1 (JRCSF ISOLATE)
MAVFIHNFK ,Gag-Pol polyprotein ,Human immunodeficiency virus type 1 (JRCSF ISOLATE)
MLNIPSINV ,65 kDa lower matrix phosphoprotein ,Human herpesvirus 5 strain AD169
MLRVYNNTA ,Ribonucleoside-diphosphate reductase large chain ,Vaccinia virus WR
MLWYTVYNI ,antigenic virion protein ,Human herpesvirus 6 strain Z29
MYKKAEASF ,Ribonucleoside-diphosphate reductase small chain ,Vaccinia virus WR
NLVPMVATV ,65 kDa lower matrix phosphoprotein ,Human betaherpesvirus 5
NLVPMVATV + OX(M5) ,65 kDa lower matrix phosphoprotein ,Human betaherpesvirus 5
NVKHKKNPL ,major DNA binding protein [Human betaherpesvirus 6B] ,Human herpesvirus 6 strain Z29
QYDPVAALF ,65 kDa lower matrix phosphoprotein ,Human herpesvirus 5 strain AD169
RAHYNIVTF ,Protein E7 ,Human papillomavirus type 16
RAKWNNTLK ,Envelope glycoprotein gp160 precursor ,HIV-1 M:B_HXB2R
RIFAELEGV ,65 kDa lower matrix phosphoprotein ,Human herpesvirus 5 strain AD169
RLVWACVGV ,Major capsid protein L1 ,Human papillomavirus type 16
RQYDPVAAL ,65 kDa lower matrix phosphoprotein ,Human herpesvirus 5 strain AD169
RQYDPVAAL ,65 kDa lower matrix phosphoprotein ,Human herpesvirus 5 strain AD169
RSKPRHMCV ,U7 ,Human herpesvirus 6 strain Z29
RVRGLYFPA ,large S protein ,Hepatitis B virus
RVYNNTARY ,Ribonucleotide reductase large subunit ,Camelpox virus M-96
RVYNNTARY ,Ribonucleotide reductase large subunit ,Camelpox virus M-96
RVYNNTARY ,Ribonucleotide reductase large subunit ,Camelpox virus M-96
RVYNNTARY ,Ribonucleotide reductase large subunit ,Camelpox virus M-96
SLVKHHMYV ,viral infectivity factor protein ,Human immunodeficiency virus 1
SLVKHHMYV ,viral infectivity factor protein ,Human immunodeficiency virus 1
SPAIFQSSM ,Gag-Pol polyprotein ,Human immunodeficiency virus type 1 (MAL ISOLATE)
SWWTSLNFL ,HBsAg protein ,Hepatitis B virus
TIKIGGQLK ,Gag-Pol polyprotein ,Human immunodeficiency virus type 1 (JRCSF ISOLATE)
TLQDIVLHL ,Protein E7 ,Human papillomavirus type 18
TSAFVFPTK ,HCMVUL83 ,Human betaherpesvirus 5
TSAFVFPTK ,HCMVUL83 ,Human betaherpesvirus 5
TVLDVGDAY ,Gag-Pol polyprotein ,Human immunodeficiency virus type 1 (MAL ISOLATE)
TVQGQNLKY ,65 kDa lower matrix phosphoprotein ,Human herpesvirus 5 strain AD169
TVSGLAWTR  ,ACET(T1) tegument protein pp65 ,Human betaherpesvirus 5
TVSGLAWTR ,tegument protein pp65 ,Human betaherpesvirus 5
VLAEAMSQV ,Gag polyprotein ,Human immunodeficiency virus type 1 (BH5 ISOLATE)
VLQAGFFLL ,envelope protein ,Hepatitis B virus
VVKGKVLSI ,major DNA binding protein [Human betaherpesvirus 6B] ,Human herpesvirus 6 strain Z29
VYYTSAFVF ,65 kDa lower matrix phosphoprotein ,Human herpesvirus 5 strain AD169
WEFVNTPPL ,pol protein ,Human immunodeficiency virus 1
WEFVNTPPL ,pol protein ,Human immunodeficiency virus 1
YLAWVPAHK ,Gag-Pol polyprotein ,Human immunodeficiency virus 1
YRIQGKLEY ,65 kDa lower matrix phosphoprotein ,Human herpesvirus 5 strain AD169
YTAFTIPSI ,Gag-Pol polyprotein ,Human immunodeficiency virus type 1 (isolate YU2)
YTFWEVNLK ,L1 ,Human papillomavirus type 58
YVKQNTLKL ,hemagglutinin ,Influenza A virus
YVKVYLESF ,65 kDa lower matrix phosphoprotein ,Human herpesvirus 5 strain AD169
